{
  "input_rows": 20,
  "input_cols": 20,
  "latent_size": 2,
  "hidden_sizes": [300, 200, 100],
  "learning_rate": 0.0001,
  "epochs": 1000,
  "activator": "relu",
  "output_activator": "sigmoid",

  "emoji_indexes": [0, 3, 4, 6, 7, 8, 9, 10, 11, 12, 13, 14, 15, 17, 19, 23, 24, 26,
                    28, 29, 30, 31, 32, 33, 35, 36, 38, 39, 41, 46, 48, 50, 51, 54, 55,
                    57, 58, 59, 61, 62, 63, 64, 65, 67, 73, 75, 78, 81, 83, 84, 85,
                    90, 91, 92, 93, 95],

  "num_interpolations": 15,
  "interpolation_steps": 7
}